ID,weight
bcocmpmk,0
qzfhsdj5,0
ghcrwo5e,0
pkry6855,0
9yhrnsed,0
jfhb7byj,0
206ke3zt,0
h12uz52x,0
l7grvf72,0
fo9dskn4,0
8sxx3j0d,0
5n22tyzp,0
caoelj19,0
5cppemjl,0
vj7sr1r0,0
wqloa8lu,0
s5oksorh,0
r7lsgycj,0
ddqfl6u3,0
8otxy60p,0
zm6nct8m,0
w29ki44m,0
uitznvu8,0
po4iynbf,0
hctrtash,0
vbknssmy,0
zei4qgai,0
fna1eksy,0
os8hvf2y,0
upjnr0qq,0
3kcylb3t,0
u6skc3u6,0
v3sfh6os,0
c7ktdinm,0
2r52hoai,0
u7m55lnh,0
hjyz4s53,0
s7w32l3q,0
zsk1w7q3,0
5tj3k9ks,0
micbngn2,0
acf367zr,0
5e17amaz,0
cs9odv29,0
jet1yesw,0
0d4k3nr0,0
fbn41lvb,0
ufpojt6p,0
fg2szvv6,0
4rhcsf40,0
bftbkvzj,0
lxxt0ic1,0
0msojk1u,0
q6vbxhh8,0
na5sg8kx,0
rhsv6awi,0
l98ft22a,0
mlmt8p0n,0
ls723c63,0
ngk5v63z,0
shgfnc8u,0
o0vy6pgr,0
g0ewu9g1,0
l0x94fw9,0
yjwqliv9,0
u3k0dqrb,0
ovg8dgbh,0
gce76dig,0
e3kbuglw,0
0agbdjkn,0
h6gqv51x,0
i529jpsx,0
t8bong57,0
4yvhcefj,0
if9srt90,0
k7s7njxs,0
xibe3skq,0
smu8qy6z,0
gbcw9b93,0
q2uprxzl,0
i2iw91n3,0
o41muukv,0
124ouvev,0
orcs6deq,0
ljseyfw9,0
z6l3mown,0
4czg6yf4,0
g3lyyr76,0
bgwhafxm,0
3pk0ftd2,0
sr56jki5,0
w3ysyfm5,0
naiosm6f,0
6t6dy4cy,0
qn97ctci,0
meyjgowq,0
3h7hhea2,0
ajw8m8dj,0
pe70c7o8,0
t8hhl1ja,0
6n1ah3hr,0
zjnbu8v1,0
83a2j8vl,0
a820r5p5,0
at6okvy8,0
u349y0mh,0
i8ldu6o5,0
e7ptz5mu,0
k8ffrnmu,0
ys2n1t12,0
ojc6v25g,0
f441fe6a,0
iwcyz6f7,0
1vfnxx28,0
ho05sfg7,0
rke8h0xk,0
r2bqlmix,0
2oes8qnk,0
7rkxgo6l,0
ylvyuuin,0
bl7wrb50,0
fooxjgp3,0
cprusm9r,0
mtj6j2kz,0
87ui6io4,0
vqsrm7jv,0
pv2r7u18,0
gg6vkdic,0
8coyeel0,0
n3jeyl2u,0
q9gd0byd,0
qcbpui33,0
98zg9ljl,0
4jheki1e,0
b5yuzv9h,0
wq530fam,0
7hqodj67,0
e3ty9uub,0
h2jxrrbt,0
kofnf07p,0
jw65meyg,0
ph63alqg,0
9t03r5cy,0
6mruayvr,0
6szqw2bi,0
s3bhr42u,0
7p1txr1u,0
spcpgnu0,0
rqnfhhsv,0
ukt2fvs3,0
6x31zfpc,0
6hqh1grl,0
cu5tsow9,0
nrlwpte2,0
fdxexxtc,0
wrx9an57,0
bzrwjgtd,0
zd4ugork,0
vne7o0nj,0
o5sw90pb,0
1nijoxbp,0
ox59pikz,0
w5qletya,0
obcjoaal,0
cy4pbaca,0
wcyqu38h,0
3lfcqj0g,0
9w8mrh2q,0
88e6on0z,0
n6y13lrb,0
g4l8lzty,0
pud6lt3a,0
4faodl88,0
ecxki5fy,0
9vg4zgs4,0
qz9sezh0,0
mlfxkbt0,0
so8hg53r,0
ux15jzcv,0
d3oyggkg,0
qjuicxnp,0
fahfsm2n,0
2aqimpve,0
ci1zzoj4,0
5xzwt73o,0
dliwx9gq,0
mvmuuzg1,0
ppcwrw5x,0
hzf6mc92,0
umhqzkm0,0
gzwpntd4,0
0l5wc7co,0
p9s97cby,0
w6x7t38s,0
xqnv7qrh,0
xulwemyi,0
wy3tkwor,0
zveiryp0,0
9gycnn3p,0
eym9ve5t,0
bff6qr1w,0
a51d7av4,0
493whlh6,0
77i1k0r0,0
snfzbgxg,0
mh2pprxa,0
qdsg323u,0
jdjnewsf,0
ggb6bir0,0
pjxxxx6z,0
mumj1yd3,0
m7zaxs3z,0
un50qw8r,0
kbrhfpu6,0
39wveh12,0
5z1q946b,0
z97losca,0
srbw25h6,0
a4ajxtk0,0
2ecps5gk,0
3xnbnu3e,0
csp3p4bs,0
2muox5w0,0
qyybtx87,0
1j11ry1f,0
qx3v4n27,0
kguehgyi,0
fn598ru5,0
h2avdj1a,0
8gmaqjvy,0
aadflu5p,0
qvya7ste,0
ymyookkp,0
4lb77w8h,0
298hi5n2,0
3d5hd1xk,0
6napn2mw,0
99j0b92f,0
eco3d5i0,0
hos5zqao,0
smvwm8gr,0
w85s7ppp,0
s7mdry08,0
irux2crh,0
zbqfpn03,0
48gjiccj,0
jjac0ea5,0
jrxr1t2s,0
6t6spvcl,0
f5x329j5,0
xb19xvmm,0
4hkedbfz,0
pc4bl1fe,0
58o0lb5o,0
l70log6b,0
5ady5pre,0
t6arupz8,0
p6cpou35,0
lz74ur8m,0
9ucdeq56,0
r2c82sv6,0
aemvyk52,0
16263fiq,0
9wkn8wna,0
p06qsr26,0
ad1gog4x,0
jq92xbg3,0
2ugxqnqw,0
phydqafz,0
ev7cu4kz,0
nhrkduvb,0
mk4mwrif,0
ykaylwwf,0
4oeg0u2d,0
8y5r9twa,0
2d45amj1,0
xljswkie,0
7vn5gz16,0
r5zvfgk3,0
gmp7q4kd,0
kn2mjeja,0
w5drj87u,0
po3vojy6,0
0lo67uuv,0
k4qjr3do,0
e53sx0l4,0
6lmouzpf,0
faohkhhn,0
ax41zqy1,0
zwdsbdfi,0
v243xtyw,0
8ntykz0k,0
o3fp8hlb,0
to8xghcq,0
0xnxzyaa,0
4r6oqkci,0
g9c5p9hn,0
yyac7by0,0
jqhyzvbs,0
5173ogvm,0
uy30hkac,0
fja9d4gn,0
ejys2osd,0
r0sdxz1u,0
zp7zx1gc,0
5fhrfb57,0
pc9yycdy,0
7xei43th,0
hhbtjw7z,0
ai2a53kn,0
o7vgto69,0
p0xog0v4,0
cez1atn3,0
uvvtiac3,0
zaelsdss,0
1l3v227p,0
svjpjdoc,0
h0r0yrvs,0
g4f435qx,0
jls9xx4b,0
88brg7iz,0
xlk8hlqw,0
fp8gxej3,0
mpaa5dtq,0
842d4zca,0
xb0tbs5q,0
3nk6632p,0
62h9j12n,0
p7x6hol5,0
ta1y14gu,0
1ahp4ric,0
6nes1ahi,0
h3bm8bk6,0
py6glw3w,0
zxyggs80,0
dgklerk5,0
vys60dd3,0
hhad00ye,0
ctagxwzp,0
mq1981hx,0
m1oh0tp2,0
brhampdm,0
9d10fa6c,0
zprci313,0
8ko41p4o,0
48vim8gq,0
vmbdffvk,0
6oiryl7l,0
x81ugauc,0
9143ak6b,0
xabkgcae,0
kz32mchc,0
q9iyaus6,0
6qm54pks,0
p845nvc6,0
9lpki9q6,0
wbn86lne,0
hd7r56mz,0
2j03vh89,0
8kif9py4,0
v0u3mkzn,0
8bsx2kj5,0
j870o1mw,0
eqji4d3u,0
z7vl8ial,0
1w0qa5kk,0
v13zvw6s,0
4rythutc,0
vsvu7hie,0
905asw40,0
j1tyrpbf,0
n7rufkcf,0
a6yvzxhx,0
g43xxjzr,0
1851ld3l,0
tr0k0g7e,0
vhkufcj3,0
m5llj2xi,0
r7k0oyw1,0
9ch52yi0,0
6l9c81xz,0
z1z3hask,0
nojxd261,0
c9j41ci9,0
yu7bnu9k,0
kir2qmmb,0
derl76pg,0
bnf13ada,0
um4qa9c9,0
9ufn77im,0
v4jsgx6l,0
q67e006t,0
ez5w1211,0
v10mnxyz,0
bgt3g4o0,0
xsqbtkkx,0
ei7sz0hi,0
bsb1fuo9,0
mr8etbh2,0
cjy9a5an,0
oi8dco8d,0
gdpwhggp,0
6jyhvyis,0
64mlii8i,0
gbrqx1vr,0
xzb5vb4o,0
9hwi1dv3,0
57isvyes,0
hc29a9dx,0
g1ch14pl,0
a5qi52g2,0
snf3ra9l,0
0i2ccbrs,0
ci0qw5f2,0
ac01h466,0
5bgij9yj,0
b8valcig,0
chls1esr,0
m4wvvszf,0
cr75841z,0
y8xtkmqb,0
3ii9z8x6,0
fn1ps56u,0
1iawo3hj,0
iyqg79ds,0
xt6skh2g,0
tjkro7at,0
9c3k2hjv,0
570r8j74,0
4hbwqh36,0
xjtvx68l,0
3rgmk9rn,0
fhvg9ash,0
r0d6ct4i,0
53gkwqu3,0
pmvqe6l1,0
tfg049xb,0
km1lwi9s,0
2ob534q8,0
xgyo2wo7,0
57uqh8ss,0
8efqs8y1,0
ndg5vv49,0
k8uf758v,0
5l5bg5e8,0
if8t6djd,0
y4jpp74e,0
ekkh4ojw,0
4nuqprol,0
790fmaau,0
jt715sb8,0
rwo5o2p6,0
zzw51343,0
gpo0ufp7,0
44lyfc2r,0
l09tysr8,0
afo2hnqn,0
jegro7us,0
5b2fiidm,0
fq3s3lcc,0
5n4yroml,0
3d4cflik,0
smqt2v9m,0
cktjstcr,0
to4sddzd,0
vzpk8man,0
i0ciwjtw,0
68ra43qg,0
bwanjh4s,0
aw0gn10z,0
jkkltjn7,0
9bpyl8ml,0
2zqvce3r,0
l450y2g1,0
b2exttjf,0
gvse9t47,0
e5woldaa,0
x26dl0ni,0
v4mqlmlm,0
vfpo6db2,0
25ylffx7,0
blcuj725,0
8jhoxi8u,0
k4ki4fsw,0
7sj1zec9,0
qkhr17xj,0
oj9xn4oz,0
6upfyojr,0
0pl9smn9,0
wk9vs36n,0
knci8au5,0
6msg4y4y,0
3hj8vb7q,0
q8anyl4t,0
paagdd7i,0
suljkl00,0
glsg6t8k,0
iq3jlqyr,0
35fonr7i,0
r6kxeb4t,0
sffs1ve1,0
vxa7o7mt,0
iso3uvnt,0
mumy8h2a,0
jd2y1hj5,0
sl1gnoj5,0
hhwgej43,0
w7v27xwv,0
0s5hagyj,0
nb6zfihs,0
5pdbyp2j,0
gysmqsgq,0
ffr54vse,0
u5cm7ken,0
nii79zvx,0
zlii9tw7,0
kqlhpw7o,0
c0c2p5q4,0
sicyzygl,0
b7e5lzdb,0
24cualhx,0
y04lnr6p,0
zskh1kqj,0
p68qyw30,0
1kc49nwc,0
nifv40ga,0
o1gxgztd,0
33cc9yim,0
7hqdt0vy,0
rp37gi27,0
0ep1lh3x,0
7gcs9ooc,0
r8lo62lu,0
v2g8n7aj,0
vimtx0yf,0
cuoytito,0
u2pyeyt3,0
vi8lrs1f,0
d1d8i9r9,0
ay2k01cr,0
9dg9r950,0
nz3at17e,0
fb7v2sp7,0
2o5xkvpx,0
mw0tm771,0
b7fhz7xx,0
qqwa6adb,0
6u71pzmk,0
gednp32r,0
jmq5mhzg,0
tnxs8sup,0
fuc7mic7,0
cokiyq3d,0
c2e8vt36,0
majh6ov5,0
nza5q6fh,0
w757g1p3,0
6y64zfji,0
xcgdpw5b,0
g5z3pro7,0
3swxn8cs,0
0zkwyv6o,0
0kejswpy,0
kkoxufss,0
ajderh8z,0
lxt06xo1,0
r1thl58t,0
7cczol9t,0
entbc0dk,0
ll98d4y8,0
iszdoe03,0
p4ffk1xt,0
0xrawibh,0
zkinnrte,0
ssrtky85,0
kbqgwl58,0
euexwd6t,0
8zxq7g0e,0
e8mm1if0,0
ky9yrlai,0
b0jkbwep,0
34v218lm,0
ias4868t,0
l4g14hx5,0
9dp2h0jx,0
nozblmlj,0
7sh01trs,0
6v8trpbj,0
d824hsw2,0
1581vh97,0
rs2k07uq,0
guzb6she,0
hwk4p4zv,0
n9bsayt7,0
eqqw23mu,0
59dzyup5,0
xqari325,0
5e2d6muk,0
5o4t1ebw,0
827ipq61,0
vs5ky0lo,0
obyfdlul,0
jg94ojsl,0
rsvphfno,0
gea4t18j,0
cfkc48pp,0
hw891fi4,0
7x7chdpo,0
ouy9dyu9,0
12cq0mrd,0
r6o103zl,0
s89f9hzg,0
u3uboczs,0
vxnbiiro,0
afg3mdnl,0
uwmi3rzd,0
ef8oqult,0
phkv7ete,0
azn7k4wg,0
ttfz9p9k,0
z930zroe,0
0cq7rkhe,0
13rsrsqy,0
vsq5vh96,0
cpt3rrzx,0
z1qktybm,0
9dfw6o4y,0
stbmie4g,0
a3mqkk6c,0
mdgnmbtd,0
aggc7wnc,0
vivdei4c,0
fubok3oh,0
06t8wp1d,0
knuw3gno,0
twdxk4gd,0
3l3tp3gw,0
ob36mw1s,0
b8oxl4ss,0
i971nqca,0
eqadptno,0
1fis28xt,0
zaw9zvx8,0
rf89iuue,0
80ykn9xe,0
q056jdud,0
y2k7q5j0,0
zem2aqad,0
3bkuyaku,0
8ihedqhj,0
xd8tgor0,0
ujyo6jnf,0
48i46qir,0
jwhr6s4n,0
r9vm249i,0
kx2tlp2t,0
x7ubtrgs,0
q6bi3zck,0
caulgqjf,0
9ir367vg,0
ry79fbea,0
v24nav5j,0
xwbndgxh,0
az41tqzt,0
1rxw4sva,0
jwcc1oo6,0
tb0t2vrn,0
t4tki121,0
mhwxyqx5,0
iq91r48w,0
a83rwfis,0
ulnchuna,0
jfi4srhd,0
iahs1yhb,0
1u9x3ndb,0
jvwxawqw,0
3muyz7t6,0
901u8zqi,0
3uzkfcey,0
zgmd6i1g,0
qtvfp2r5,0
wkr24qnl,0
klmz2lgf,0
vtyrk5x4,0
xchjmfvu,0
fp79ici6,0
3n7nx2am,0
3k5ecfi2,0
c5hgmz4u,0
s1pnnp5g,0
kpp6n2ws,0
z51p01o3,0
s8k02mq1,0
x8aocwmi,0
fw3gzi6x,0
uwpdos26,0
s3cptplk,0
6axn6601,0
aoqwie8y,0
z0dfpesy,0
f9r3jqmc,0
kdsqypsj,0
iba0otzo,0
t4patp4r,0
ezd13aq0,0
bsd4bsxf,0
j4ohr8ge,0
zp4asfev,0
8yany3d7,0
ghhleqmr,0
qjgfswe7,0
sadr6cm4,0
87kyhkel,0
c8jggebo,0
eryxw678,0
gyye8306,0
u26ldtws,0
4qcd1y6t,0
owqu57e1,0
hr5vyk6e,0
t7gqf637,0
vb9xgw68,0
7iu145f8,0
71bpzgu3,0
tmxtuha6,0
zixq54c8,0
orb9woch,0
xets8nvj,0
mck8tdzh,0
yki1l6y6,0
cwf6vl7u,0
yichvhm4,0
t731zgz9,0
emn8at0d,0
9b0kmebj,0
nobxvyyj,0
md53fip5,0
lm9r6je1,0
ijxnwcni,0
a3fu4pyz,0
4o099ezb,0
3rqrqkkk,0
gdet94y4,0
s5ub7jkt,0
bbijgac2,0
c6n0789e,0
315c5uw7,0
xf4bhjve,0
299wr3hx,0
053u8x07,0
4e2cjsz3,0
c2p3gib7,0
3max7375,0
lb9orwbo,0
l57z6ea7,0
1y6ayxy0,0
xhib9eyf,0
psiv8z5c,0
3779yi1m,0
q9nc1svr,0
ki50pcu8,0
384folxn,0
xix1k538,0
mq308umq,0
h6ple7ld,0
ph2hds2z,0
ix0s9320,0
rpilto87,0
ox3qbzoj,0
1550z8vg,0
zgany3rs,0
ajo5z7zw,0
m9zpvnfy,0
wqnwiuyt,0
2noagg23,0
as2hfaf4,0
6e1nbf85,0
peco2a4d,0
cdnts6a4,0
ax45mma0,0
fw0n4pxb,0
bgkib8po,0
u7vw7yo3,0
toxf19m3,0
jtafjp5o,0
4h4l806u,0
iq68ltfl,0
fvc7jfu9,0
trq8py8a,0
vlyambni,0
0gh2p8b6,0
zs6araxk,0
rzz6bh12,0
bwifn0pk,0
ciohc4kx,0
q33utsg8,0
cnpuc5ka,0
9jlubgdc,0
o6a7236o,0
b1ivxqci,0
z9airpie,0
xncd7kvz,0
52we8vwj,0
1z5vmsrr,0
1e1tt4s3,0
tpm9vl68,0
maz9sp9y,0
ra3nkbm8,0
1wxby4fu,0
1jf5funu,0
kb85nlfp,0
xtcd4fcz,0
wz6y4xba,0
do23xzxj,0
s0ez2xzl,0
1pe324gq,0
e2o5d9yb,0
uj57v827,0
b2nsoluy,0
usapvsa1,0
crbbrum3,0
0b0x45nb,0
0z04jq2v,0
bwf9gtc0,0
cm0tjirw,0
8uxzm919,0
y976w5cb,0
ydbleyrc,0
b5ut6f91,0
qjwbiv5w,0
5tqblb6p,0
50zt8cwh,0
9eeo38ar,0
hg145mv6,0
ky4sg9ri,0
b3b959gz,0
qqmhbs4m,0
b46c5dqi,0
49ivvfzl,0
3el3bz9z,0
29f9hh4k,0
itfpc2sd,0
30ledxpu,0
zx0ptnzm,0
jbspvsiv,0
0a12hop6,0
anrrw2ge,0
q41ec0x8,0
zfpwkv6m,0
if1fk3nu,0
zl0szyyn,0
ovew4mv7,0
x0t7pir0,0
mnzpfg76,0
s97sr3wv,0
ibmtnw8m,0
ovx6lsz2,0
ffjr0bxu,0
55pq41pz,0
noof5auo,0
495ma9pi,0
gd2fnxrh,0
oihqb5zz,0
ehrhb1b3,0
w9k09oyv,0
e9voynft,0
emml3vrl,0
g8x7yg29,0
lhgkyjy5,0
zuxqkd8w,0
jd6kkdkn,0
c75csx3n,0
1jub2zlv,0
l0e4k9t2,0
ik1ew1r5,0
7femripy,0
49g4qamb,0
gslni708,0
dye7in9v,0
a95bfm3h,0
wioxvgpv,0
f0bg00yl,0
3nrcb4ng,0
gskfs7mx,0
tjxgtitv,0
ewd6d3ay,0
yvkkmk23,0
amq9lk6e,0
neigku2v,0
e57hfo18,0
aifj19vg,0
zp4eqxwl,0
y4tlovin,0
clvy5mng,0
i8ldkqpw,0
kcp7sgy4,0
za4c8dz6,0
t96k4gob,0
vbp9mj0z,0
9r66ldk0,0
pwnjdz0k,0
ylr4v03k,0
qsiv3fp9,0
zrrd9ztu,0
s0z2dj0r,0
d947td7t,0
69v64zh1,0
yfjyb5wh,0
umw6ruum,0
puleahm6,0
5apuspn5,0
o05m5w1s,0
jv5pxm2g,0
pmy0pif7,0
h0rd1b95,0
72gncizw,0
30p31x2q,0
e6d5v3xz,0
9dy5enue,0
9cz0mxwi,0
0k2rp9ds,0
j17cvp4a,0
emp4n0jx,0
9o2pfa5s,0
ckrv70ni,0
hi2zbbpl,0
d212kpl5,0
y6lk5om5,0
1ysdnztk,0
s3vbu1yh,0
oh6ktjc9,0
kdwbih5p,0
5lskkeos,0
4z7559il,0
ph5eok1p,0
rcbf9j03,0
575f7thl,0
gusmm06q,0
a9u11uh5,0
dqqzjo45,0
c9h2q3vb,0
76g0t5l3,0
6idbemn7,0
urto6uk5,0
gfq7qqzd,0
xrq87daj,0
671pf5m3,0
oa5109p8,0
rkmr5k11,0
7lc0h9oc,0
4z2dky26,0
r207mh86,0
qvq6l8i6,0
oyd4vzq3,0
imgbnslj,0
l0g25o0l,0
qgsy4ixz,0
yn5iynjc,0
o85muag8,0
3ejozyy0,0
tnlhbwlc,0
9ygy4ep2,0
gpprlj8m,0
vge0g8co,0
hf2q159h,0
75woxc4c,0
ynk86xhw,0
vpirsud3,0
oi8kx8wz,0
26tzyovu,0
t3seb3pe,0
45x7kizg,0
r3nr9rxn,0
cvixr5pn,0
nttgijvw,0
a1yyy92n,0
i0ywidyz,0
b44t64fm,0
ubcfmnti,0
qjm464hl,0
eq5e56me,0
is362st7,0
ube6gd41,0
hssb20fz,0
dsbxbbdk,0
jebhzic7,0
6o9lrmut,0
a5mnx1ah,0
pkjhdy7e,0
g9n3nun5,0
2z3ac53s,0
15x2u85n,0
c7p3oq39,0
kkx17gnu,0
c3c9hr9p,0
2qaudl5u,0
14muwyeo,0
pjafc9wj,0
hl2ef4rp,0
i0iucc33,0
6f56u13y,0
aagqi5qj,0
vs8dlo1b,0
kkwsak81,0
uy61x32r,0
yj7awdfk,0
fkydqeny,0
2c6bth1m,0
2hxopwx7,0
prvsqibi,0
b2ea8fvk,0
sindm03z,0
18jupcco,0
pz0hlsdd,0
29f9epjr,0
ksbi6lme,0
gs68ugrg,0
vtab81fc,0
hv41nprm,0
ha9p0n7w,0
lvxgnfyu,0
5fpcm726,0
mjjr7rzn,0
dv3420fd,0
hpbvfouj,0
hnidxbi5,0
u8ynxi4v,0
4hwszv5j,0
tcww1zzk,0
seo8ozpm,0
d5n4bwa2,0
jsgwfjmd,0
xhkevonu,0
a3aly8ym,0
nl11iifo,0
2ib5b9y5,0
fdvdr7ld,0
izj94p3z,0
mns5xb17,0
egyd246u,0
bvo6l5zc,0
irzxfjii,0
pj5v1ytz,0
b3befk1o,0
q8ke8gkd,0
isrig9y2,0
irjeg19k,0
vsbh180g,0
qy5wtick,0
o0d86caa,0
06dwe604,0
ko95i866,0
widiwx1y,0
4a6d7r4i,0
9r8br2fq,0
2pyfus3o,0
p4r56msg,0
9mpvb4mm,0
tlk8a4u9,0
j2gfn9x4,0
g8157miz,0
ehl67a42,0
r5s432tf,0
k7ly2t8j,0
upj1lr7c,0
y47o14us,0
aapjjz0z,0
jduroe9e,0
1qm3g7zw,0
ew5w5yyv,0
hrluqazg,0
jyu5ah2r,0
89xuou8b,0
z1wzfnbn,0
gnsth5n9,0
i1l0gs3w,0
almmcpvv,0
3efw0zbn,0
1lihty0z,0
2fpkbzpu,0
2g2t2njn,0
8ubh8ek3,0
jgkyjjgv,0
9e6xartu,0
anjopa6z,0
a165ghh7,0
wngb9bwq,0
uwyd53sh,0
32p42e2n,0
oaquuri5,0
jesbktcv,0
4exw1d8y,0
rk71ak9r,0
qfuvhms9,0
qzq7xllm,0
f8t8aqkz,0
4xi94rd9,0
wli13mld,0
3kqsdmv5,0
zsz7cz7z,0
e4rfxz3e,0
1cq5yx7t,0
dljttw64,0
4zo6qluc,0
8vayx4bd,0
y2m6yqct,0
rpfz4omy,0
ieyulieh,0
8ecv2grf,0
8mcpnqdp,0
ntqlugxj,0
t7p9czp8,0
a0z1ssj9,0
pj7u8a5n,0
xuagcmfd,0
3e5qj6ry,0
wu4rk3fe,0
yyf6byr9,0
ebhnjf7f,0
mr2g1jwy,0
44y0vp45,0
6l62zatx,0
6v5rs27f,0
gm4fx3nt,0
5n4ficlr,0
r1ezihq7,0
jnvrcoua,0
7sillmc1,0
itaz5myt,0
7c37574t,0
xlzx541v,0
dr43u2h3,0
7n7zui5b,0
w9eo6ze5,0
ew8fv3bv,0
j8dklswt,0
fh4aoj5t,0
ihb1suww,0
6qvw3cm7,0
8z02chbd,0
p7zjvzzo,0
eu6jdnzt,0
srxdkrkm,0
c9njqcp9,0
y4vrn3yr,0
5rhrz7f4,0
9g8pi734,0
xmb1kckf,0
acze322k,0
zk6jsl57,0
t3b4jgfa,0
yb2blitb,0
1m4nkkiq,0
z07v50bs,0
drgdf4k3,0
61kit5t3,0
yllxyjhu,0
8n148g3s,0
rukcit2n,0
jnvncms2,0
6qkbtm5e,0
3engvcft,0
o7g7g5o8,0
bplafyzc,0
560ve9q0,0
xt4qse2f,0
5c5ublf1,0
ybyu5ex1,0
bvnxfj2j,0
dcvkz3s2,0
6ad5wxkp,0
avh8wxln,0
s1g7ift0,0
e0mrawch,0
dzypyqah,0
c54k09b7,0
ioxqrktx,0
ktfksgg9,0
fgt8wa8g,0
4vklfvqv,0
wixh3vh6,0
wof91qhq,0
6b3edy66,0
1jgzvxdy,0
lj4axtqr,0
w8dgvb5e,0
d6wfkvyo,0
hkxg8yw0,0
vxnugpxl,0
zgbpe8tj,0
zi4ec1iu,0
vdsy4ta7,0
ur38chw8,0
9uf06op0,0
e1xnv7js,0
r2hahlhf,0
tchac53z,0
t449dhj9,0
7zakhtt1,0
7uvir58l,0
n3wprmfg,0
6oxpznsu,0
flf3p33s,0
gmk9dfrr,0
b77klat6,0
qpssopr3,0
id2scg5o,0
0msa1e3b,0
vx1i77yb,0
v0dkstyk,0
aoczfv0k,0
8lb2gth6,0
op1qlaea,0
3tt28a09,0
d3xkfklc,0
f28xrr4v,0
vjxtwskz,0
lsozyl0k,0
wlns1bdp,0
dzzlg7ug,0
7qg419ki,0
gz0io5sp,0
xc1tg2cd,0
zms9ec9p,0
x8z4kh5z,0
wt1nzo5e,0
sa4l38nf,0
u134fr0k,0
jaw9791r,0
v6gnrwjh,0
fj81thi0,0
vzgzdvbj,0
4w6gj6v9,0
xkev0uqs,0
xoygqp1e,0
r5vuk370,0
x4u1osdq,0
c9l5ptev,0
cw2120cv,0
4dfe454b,0
xi9a39ye,0
t9y4rtk3,0
j3nvekgq,0
x8hvs8ta,0
k1tbgccm,0
ssqcow48,0
cwfcj12b,0
22udkt01,0
ybjh8u66,0
9bfd18jt,0
rf7pqx1w,0
6rve3z93,0
4ouoduvl,0
pl0jihvf,0
bmc0cu32,0
aqhmmmuz,0
9asetnjm,0
cwkdj3wj,0
ohol9kdb,0
jkrzmsai,0
86vckn73,0
d21r6x32,0
dvzulneu,0
nup4gtrh,0
at8w0rg0,0
e015yipr,0
993c4f7w,0
wob8tphz,0
i7mp3hsu,0
zbrqrq1q,0
g6cfr91n,0
vezwa1dc,0
f4dan5wz,0
2q8yzaqa,0
mzya3ecu,0
x5c0cv6z,0
rvf7m7n8,0
9wsvg4ox,0
i4r837im,0
cpyq1g51,0
woaz4s8w,0
aj6lxsll,0
xaoh34pj,0
jord6a4o,0
05rwgft2,0
5j256fhy,0
vzcs91e7,0
xmrgaa8k,0
c3ip8x2y,0
pzbhb8wa,0
csjya3na,0
h09x9tst,0
06o8amuv,0
ny6r4w34,0
gp6o3w4y,0
ekyapzyu,0
x7cgb10q,0
aeaabxvj,0
84qdeikb,0
chb8mr58,0
0xq5p5uz,0
n5nyf64i,0
qjeziy7r,0
nuwuoh3a,0
pv2c6gzq,0
d2cb76hw,0
q2m1snzd,0
lvaaz9gq,0
4p0xrjmm,0
41fyc60o,0
3j1tccb5,0
zvf7lym7,0
sebjdc7v,0
vzlm7d6z,0
lg112lix,0
duuk1bp5,0
pgngkoas,0
d11jvm3r,0
n88ei0l0,0
hgwj98xc,0
cnuwc8dl,0
pvdjugsj,0
b6oc03z6,0
jyqs7g5h,0
sx3g67sp,0
lcwkuwej,0
0cohsswc,0
fw7mv6fr,0
teerejjl,0
r0696jsy,0
g469yp1i,0
rhit93zj,0
y8ztd2ke,0
682vvu7y,0
fybptk3p,0
dlyr4e9u,0
8v0pn3pp,0
mxzgubv1,0
i49bk957,0
9pzqvmws,0
ymzt86y7,0
oowg5vge,0
0pngq9pw,0
g314zcqx,0
4cf7qgs1,0
mvuartx0,0
0u6c2fq0,0
h0c3ylqk,0
e4uieydr,0
06ozitp9,0
8342378i,0
3gttptc0,0
rsmxbso9,0
ab7yf611,0
xynuoon8,0
dcznkkjs,0
nbjhod98,0
tn0mbs51,0
56u1ar0m,0
exngyfj3,0
x85z2jvc,0
nvrcbqlp,0
4ex4e52b,0
ikxgijhf,0
bthzubo6,0
4hlncxek,0
30mkdrdc,0
spjxcl3r,0
k4teor7v,0
vik8qb8w,0
ytn9y9ck,0
bcwb9u9n,0
2oryqvzt,0
usp2ylj1,0
kv6eh68b,0
8ri14cio,0
2c4tpjco,0
klmyxwp8,0
hebsk5cr,0
duyatvnj,0
7pft1g0f,0
9cfelf9q,0
h0k0j9ib,0
4guxw190,0
f7pfhpyp,0
a3ofcxho,0
uevjwsrk,0
9fpyaah7,0
rdp9qa9p,0
24m2qsoa,0
py3ehvlb,0
0n8me2ti,0
47d5zfqp,0
tgx1cwcv,0
gw67c1t5,0
sct2wzcb,0
6tspg899,0
2t5wtfzc,0
jt0j06wd,0
jpfy8vjh,0
hxyma3no,0
cdm4yoby,0
5vhoo36g,0
a3k7riht,0
ic5wvedq,0
hzbitcyl,0
87nqszuh,0
uzbyzdla,0
erzhfckv,0
nz96isrl,0
kfz48ym0,0
kt9n23sz,0
wk2mm7x9,0
fqx9uvec,0
dy9ee11n,0
x2ctb7e2,0
2hukae00,0
6ly6q53d,0
aky9w1ca,0
9j3hdb77,0
cqht8sem,0
6q1jm77d,0
c4yn3txd,0
yvt6464i,0
wwdwoh98,0
ferx3fvb,0
dbar4k5d,0
2nqok8id,0
z90sqtwl,0
5062mt5r,0
5hj929hl,0
yw033ybs,0
hp5fbyss,0
093opvvm,0
nwzhh78u,0
ofhgr5sr,0
zi4cviqk,0
mm1jc5mi,0
mvkpaze1,0
mgr0nhgl,0
m8ps6ui7,0
5q8n02z1,0
ykkp1mt1,0
2kepts3o,0
bemj0xu8,0
yenzgfh3,0
fws0cwne,0
e1wclvug,0
s70t92b6,0
6vdtgm21,0
qcxqoxpr,0
343f0k0p,0
iqviocxd,0
dp5miatb,0
me7yim9z,0
6fekywj8,0
djiqypfs,0
p1cpm7nz,0
t430o6xg,0
h2x7nz4p,0
uwp1uszk,0
lpq8hu4y,0
zvft8rqu,0
4owyx15z,0
y5febba9,0
utkajnqd,0
nrili5ll,0
wkzk2u1q,0
fpss8czx,0
f0rty4qr,0
t50fijmd,0
pt5p1l6p,0
olygovg1,0
f16mkx5r,0
evi8iwoc,0
cf0bzpp4,0
8vwkrqlm,0
8d5zfi3m,0
ugx4j85m,0
387x7ff3,0
a8hxpqya,0
l7h04l5w,0
rw7qju4u,0
pvoibe5v,0
xveuxtdy,0
hj9eh8vb,0
36xhywna,0
sljimyep,0
sq2213ns,0
y14uup7n,0
xc94dzlv,0
by1kcf1j,0
rygi355a,0
snndiwln,0
z2lmxb6u,0
0t7flsvs,0
4wwz842w,0
y8v2a6vn,0
ajsrc69v,0
uxc87eg3,0
07gwjrl4,0
1dn93f0i,0
t7u01f7a,0
5eeifqqg,0
9g7rg1vt,0
pjmvrmzp,0
8dfs8pfu,0
5ax5fr2y,0
g4vlq6uy,0
h3o4itt6,0
sic9kfoz,0
nu22f03g,0
uwjnn8ok,0
zffeek5a,0
1mekhh19,0
qh835vnq,0
kevay1v6,0
brtmsa6f,0
b14fxq3x,0
9flg0v70,0
b22oxs82,0
vsy0qt0j,0
2aa3iiiq,0
0g7rc8fl,0
6kwsaxfq,0
6szazlqy,0
r28j0mom,0
y6wf703o,0
9ril2cum,0
wf8uy233,0
v8jjb80q,0
dv7er0m4,0
4yh20f1a,0
swb2weo7,0
jhw70xek,0
5d569lr6,0
35i095ya,0
mnrq63k3,0
n75st3aq,0
atypi8rg,0
k2zs20e0,0
dqvqd30z,0
6oa3wtyf,0
xj66bnty,0
cv7w72ze,0
uwsqnw8o,0
9arxioym,0
q7qr14y9,0
eshcknlc,0
n1yp0pf9,0
3ycx39zr,0
q2zsyuxr,0
ydpqs32j,0
ig717vpx,0
4psoyozc,0
0ziaix6g,0
7vkcqqmo,0
5d7zbgbe,0
0fh96r4n,0
did3g6mr,0
7kcwx120,0
f7e8ln7d,0
sulj0d53,0
go7ashh3,0
9htqty5m,0
1rcezeyu,0
ay7hs0g2,0
qqdo02mq,0
24f4gfej,0
mbog012f,0
2cc45v66,0
9pmkm10c,0
ln3icxu0,0
va467jp6,0
rvx372f5,0
pk0otuwj,0
9lmfc13a,0
yc4p43zk,0
6x5sgtv6,0
cjcx382x,0
vwm4dee7,0
ql8y5sk2,0
9fcxvfff,0
zvt3txia,0
egm2zidj,0
vc0s8vyu,0
n9sjq9r6,0
qejskstt,0
kxvo7uw0,0
g3jffr8t,0
tvw28q2h,0
bifs8fhj,0
sr1lj6y4,0
b62itnb8,0
wm2fr52m,0
6mgrz521,0
zpxf946h,0
18mo5ffw,0
xax11j3e,0
l4o3eu7t,0
8vwpqjqi,0
6ktlg9s7,0
6zoxsvdf,0
vntgyj2w,0
lcnvfh3h,0
otbvcv51,0
ju4kftgo,0
jqfx02lx,0
ftw1x9ex,0
tbilajr8,0
grttxdnn,0
lgow7yxz,0
adby9215,0
03fghzrx,0
ch2h70te,0
g8e44elg,0
fzfqo7af,0
7zc2sj8f,0
0rqdg9ca,0
9m86pu1g,0
72q3znpe,0
w55llo3l,0
h306bffk,0
cvxxo9wi,0
xkbtby3w,0
zvyleffm,0
2gqa96n2,0
a8efxnvd,0
6gdc9dhe,0
3x6kkxp4,0
9175m3a7,0
qalp4azb,0
rjykjsr7,0
51yabagg,0
gqzwx25b,0
q6shnqe7,0
7hu6w97a,0
mmhsgmno,0
qq2uzbj9,0
avfstkqo,0
yn3aiorv,0
6x0hpvor,0
b3sm4rv1,0
nprxf1g2,0
5g7hs4rl,0
sdt2k1kx,0
2zb3xda3,0
eokxp0my,0
7xduafcv,0
dfv8l84t,0
ilujcnc7,0
axiovv0w,0
6yiahfdk,0
suv11w9o,0
fapnefh9,0
bcgibbi6,0
mihcjgwm,0
xdu1jg1y,0
f0dn7cfx,0
hpwk1nti,0
w4id9op3,0
e3w9f6iz,0
trx8dnhd,0
nld3e8rg,0
lbua460l,0
xqk5kspc,0
s2ks3xtv,0
5ctxu8lj,0
jidufuab,0
djdekbb9,0
rhuwcsgw,0
61ah3uha,0
9v7au1vs,0
dcgr273d,0
hmw3ws7f,0
2r6um321,0
cz7bmkuh,0
opj9610l,0
qz0j0y8c,0
uj8xnbzx,0
lbomgm3p,0
1mu6kyx4,0
1jcp4bb9,0
sguhl07k,0
uyf4asvh,0
cysre8bx,0
dsrpsgfm,0
mjpgx0vs,0
pnzf97z7,0
s34c5zkx,0
33bzwznx,0
yqsxq634,0
0mojz2od,0
u2gf0txh,0
t98ill4u,0
c96buuwx,0
if8zwzus,0
rmv6pvli,0
l1kgek61,0
hu94ttsy,0
pey76p2s,0
8lywiyk2,0
5woz7cf0,0
dmi1h921,0
rg4e2j8m,0
zpb75emh,0
veut9lpi,0
8tl38cb9,0
mb5lyfns,0
ud0f2xdr,0
5li5xa4p,0
7ce9j61d,0
yc1zkagy,0
bpsb8x7o,0
u0kw0zwa,0
7dyxefc4,0
hjmq35ig,0
b8ateu4g,0
7mu6y97n,0
so6ooywe,0
sv7m6p4a,0
dno2qhv8,0
dag9vqzw,0
yb87c0za,0
p3td7jrb,0
97yl4h3b,0
cfsvhc7r,0
czc1u19l,0
nfkmenne,0
irqv1ytg,0
j3yuox58,0
q4ropn30,0
bnmipnbg,0
ojnop6jh,0
9oqjr5lz,0
750ter06,0
jxah3ut5,0
icena0wu,0
4mi860cl,0
h91xdjcg,0
ncjo6jl5,0
s3ema38t,0
2rao13z1,0
cs2b3k7d,0
k80s23vo,0
2hkorq3d,0
887lcnc6,0
ntbvmnu0,0
a3l64aaf,0
rrc0apjr,0
k4p8xr01,0
yucu6hgi,0
q97yhfa5,0
yh7cibbx,0
br3r5hhr,0
0c4688di,0
99voalxv,0
wmsgrf5c,0
ybmo19kg,0
7o7bo85z,0
wr2q3kki,0
omxihuua,0
dufu6fjx,0
y7q7m3zd,0
53ooa185,0
ms77xv1h,0
cu0o835p,0
zjttryzh,0
8h1af8i9,0
ti95yl7d,0
ccwj0idj,0
b3e8hupz,0
1dps3hz1,0
h2wv6gsb,0
o6ei1d9v,0
nlb8pe5b,0
0ghkrstr,0
0rzr9y79,0
5og9o7wm,0
hslrfntv,0
hy3ymy4h,0
pp8tzsds,0
ulr3ul3t,0
hqfano9s,0
o632efea,0
2qdfwguy,0
ke0bmlzu,0
182t9sb0,0
ud3gfj0e,0
ihsvyvcb,0
9r8rqkl7,0
a23ba7z2,0
ld44fn2m,0
sf4ytbht,0
o8rgcrif,0
m1zdo2j1,0
8o3umhot,0
oohf94vu,0
vks1t5uu,0
3aqtwde2,0
ooozpcmu,0
5is7jgba,0
an5jmtxf,0
bsh6ijwr,0
1w760z9k,0
q6yxkcxg,0
6849vp5h,0
gx8fwcxr,0
tqzz6m55,0
4ga47imm,0
xtpu7w0u,0
tlaqhft9,0
0ss60c0r,0
bcqq6mx5,0
koyhlnwk,0
ivf0ji06,0
fm6qnf8g,0
cjl02jjn,0
h69i9thr,0
b7wm5104,0
lll23qgo,0
qsx2hnq3,0
eijh6jek,0
ilv3uay7,0
f16uafj4,0
g06f2mx2,0
19l9fa9e,0
c6p8c73f,0
1afhv69b,0
wv54yufb,0
hvu7f24m,0
75h7rp3j,0
6hnsm8bd,0
o4j5qn5g,0
iydfrviw,0
n6h7av5e,0
d8ceznyq,0
2wlekz5v,0
igfoi3sv,0
dtc81hav,0
q89bdmoc,0
sj2tzjxl,0
h7k22koo,0
bzm6lscc,0
9u6b5wtp,0
r2xcki14,0
4q8uf1cm,0
whfoiwux,0
yzsawez2,0
y5fgdttx,0
m1dbhttc,0
dff0jzcf,0
ls2sqj6c,0
85nikbae,0
gv6zk30c,0
v4c6lj0f,0
854zgu7l,0
xwujcyiv,0
l0gdt337,0
kzmk9fef,0
5yag9om8,0
xl6fyidf,0
7600bm4u,0
bcwv2kjv,0
cndu2sou,0
bapno72a,0
p27mm2b2,0
mbt8myzt,0
sjud4emr,0
91a1sdgt,0
krlyjnm5,0
a7s5fxq3,0
0zxd08mf,0
x3oiwik6,0
qnogeih3,0
v8br2vix,0
0rxkznl8,0
e2estkoz,0
oi3loay2,0
z6yt5gso,0
5oam84ou,0
ryh3o2oz,0
qbtdxdp7,0
w5bmn2c3,0
fgnyi6fq,0
2lknap8k,0
bxbrf9j8,0
buumv9i7,0
l3i33e90,0
mewywf4d,0
fx95zxz5,0
ly5suejg,0
czk0sq8o,0
zcvoc87j,0
wjsdl30x,0
q1iic1ra,0
dag4ykfu,0
wphvv0xk,0
0be6higo,0
e5pwj4a0,0
unh6qbpt,0
krna1ttx,0
2kiqsozv,0
ax0ayxnz,0
2njq7o2r,0
hwvgytdu,0
3o10kh6y,0
pghh5kx4,0
vx1in41b,0
l2qfvnzd,0
jphs4k2o,0
n2ym0zv3,0
3qr6byos,0
57xgz2ju,0
92omscym,0
jh4u24f6,0
qc35zfp0,0
u4y3jrfh,0
llupdk28,0
pl1pnxrf,0
n82nyrc6,0
4r2gf9wz,0
c7qze47z,0
48e0j4gi,0
hy6sor1t,0
xibfg32g,0
mw7jwamz,0
j8vgy9sh,0
1r8jjooi,0
sconiffv,0
t8j5hzku,0
tugo1ba0,0
bxdplqph,0
12600wfp,0
8p7hxtst,0
r1hkdxoh,0
tmw6ehwc,0
xzlu1chf,0
deg394x1,0
jtpafjzc,0
zv6xypkp,0
s9z626qt,0
69bi0sja,0
iphrsa7h,0
lksx5lkf,0
iwppvfgu,0
tp96ivjd,0
11lju9xw,0
27py5dan,0
6rb2o4es,0
jbd30ns6,0
cyhc88bg,0
msa4inzj,0
zlnamtca,0
lbb97r77,0
yin9xdwh,0
r9441ryq,0
v6wgjxbx,0
pkczqs52,0
x1k1e771,0
fyvxwjok,0
wylx1p90,0
k6i2b7ye,0
gojjriwf,0
guz5cyh8,0
sdk1eojq,0
2vdorvbs,0
vpr3xoc8,0
hubb242d,0
x6zxsz7o,0
upatnxlg,0
udz7qxut,0
nayhyd1k,0
obg3joat,0
yjofhvdj,0
4e1hqlrj,0
9qbnuvup,0
0clvmtb5,0
4foriqza,0
t6idtp6b,0
s5ujfzw8,0
45kz4hou,0
j3o33wm5,0
g1tbudym,0
q48splx5,0
8mrklghj,0
yllziahu,0
0r0xk1bg,0
6o4vfxjr,0
rk73zdgi,0
kbkc1dgv,0
t54nsi24,0
c3mf2029,0
k7xodndw,0
18tlezrs,0
zqxm4i5c,0
akqgza71,0
63m837pr,0
bkoga735,0
t8rxzf3m,0
vdzlsama,0
5slrskzc,0
b563xy72,0
6am5fa64,0
6qind46a,0
b3rwt6r4,0
erhfai2a,0
1j993cm1,0
flb5zr5e,0
gpu9qnn5,0
q1wfldsl,0
n4i538f6,0
zgcm6q6h,0
mzbkcydv,0
c2r5z5je,0
fran1a7j,0
kqdk6nco,0
79kd4jp8,0
fv947svs,0
blu5oz1y,0
zzh958tj,0
oucj05vd,0
5atb3dsc,0
izq9uavm,0
qrh3hmsx,0
y0n15cuf,0
ralrezmm,0
m3lm1ba2,0
3xsje3h2,0
hyfjwr6d,0
0l8az8xs,0
vli0r6ee,0
mb5dqc8r,0
zldrx8a2,0
5m8o446b,0
g1ag4wsg,0
xmnzvqww,0
o4l598k6,0
8cid5bso,0
dojzqbl7,0
xchr7ldl,0
vxbb7wc2,0
4on1kae5,0
l0z2nbol,0
dxmw68iv,0
bfayr4go,0
2nvzcyg0,0
d5dycazq,0
2dg7pdgv,0
z9558x3h,0
19psm3jd,0
9fjoanyk,0
0427acdw,0
guej017j,0
bivsy80d,0
el8i1swf,0
21ghkz4y,0
vlwiay7b,0
7u10crb3,0
a6dtjo22,0
5rb4jdag,0
rugzlxee,0
djrml2j2,0
u691gm9f,0
cjjsu9b7,0
i30hx3qb,0
72bs7vww,0
5j60n4d6,0
gu414p5h,0
gvh34ep8,0
kvv3c2us,0
qu51nea1,0
5og1cji1,0
citcsx1g,0
hivzgrmk,0
v963nb45,0
5dycdpqr,0
8ohrohal,0
o59m467s,0
pvfy3ttc,0
msngd8rn,0
tr3t9126,0
um1v5akq,0
ljgj8rpx,0
z6z1nxx0,0
xzfyakvz,0
14dfnya1,0
fxms1z47,0
exhcii1l,0
gvjy1zdu,0
w2pbc0cb,0
yo63fk8z,0
u2rze9kp,0
7gthvtz6,0
kct2tioa,0
7dkee9uu,0
eeiltcsb,0
x78qtih4,0
rzumafcc,0
ryspjaa3,0
t3lt24cu,0
j5b45zce,0
hk3ub9mc,0
uwuppbzn,0
lcw9wurj,0
d8o03fdk,0
s6b4e89m,0
fgd0exds,0
h3iuw2ht,0
et5ivpvn,0
vkto5n1p,0
j0ewyosc,0
jwqxpkz3,0
rrry6dh5,0
q7yw2rmg,0
nmge5byi,0
ykdh3x6j,0
vflquqte,0
i58sb2a7,0
oxdms1i0,0
f3dla4vo,0
9v1lb87f,0
bm9q797b,0
ge6s25s2,0
1v2oshrn,0
uwzctgco,0
z68uptmk,0
vs06p2wx,0
7562wk4a,0
9rq1r9jn,0
zom7bbgx,0
tutdj39n,0
9hznb51n,0
sgvt9cxf,0
ep6kkenu,0
rioqd0pu,0
5qnx0kef,0
fj7csm6z,0
pn67419o,0
pmuq11uf,0
7hq2ktg0,0
6sqz6s81,0
iwg7ywud,0
c0ti860t,0
y4um7g4r,0
wg8hvwot,0
bneivx02,0
n98xkg78,0
i1e088ug,0
5ra2hl5d,0
ac3l4f8o,0
en2efjhf,0
5t1uuv7v,0
l72lsor5,0
01dodnab,0
li79d10a,0
0j93ef72,0
zzcsedh6,0
go9wwmru,0
00d8s912,0
e2yuzc2x,0
zaab3e1c,0
x57l1wx8,0
69q224o6,0
56qz6x2m,0
y8ikp1ff,0
f68d3502,0
cidvo0r2,0
9moyn8bv,0
erirqt0r,0
qaca71b1,0
1jxx49ia,0
18byhbep,0
n8sj4mum,0
q2npoci9,0
e7s8y2ik,0
3vklj43r,0
dreh9pk0,0
rjmrirm3,0
pdoskvr3,0
juz9y2ty,0
hak5b9fg,0
o4jwm3jy,0
wmj7g7sg,0
dmoo97an,0
5buzfa87,0
iy5a71jb,0
fad3duht,0
34biz1kg,0
5opdsl68,0
sln9hc08,0
v4cydrg0,0
bqx0ese4,0
yg2thhgl,0
rs6sye99,0
6cydgg2g,0
oivcgytt,0
m4vrafet,0
msowq0mw,0
7dbzwgsx,0
tczb5vof,0
iyw0xl98,0
6qdfbgkv,0
ejircaap,0
6zc8a8x5,0
0tmzrgqw,0
o84yo9z9,0
g4qtr376,0
25prav0i,0
y47pgrn3,0
3tycanuv,0
fwyg1upp,0
pn6td5x2,0
jhuq59f4,0
tyxf9gif,0
2xpidg1e,0
5c4qt782,0
s67ls0pp,0
wj65kmon,0
qvo6y7pv,0
tcvkjf59,0
gcoi0eg0,0
rzaf921c,0
gtbvso5x,0
vg1za6on,0
xwf5yjvd,0
zs94wdgc,0
z49tck88,0
z35soazj,0
191osszj,0
sxw75p5p,0
ve6mak5x,0
kafryykd,0
d4k1tarc,0
sk72531y,0
f206yhui,0
aih292jt,0
ygxwukld,0
0bnq0zcx,0
gpzncu3w,0
ffofrzwe,0
boa5vpwu,0
xui7gq7u,0
on6e1wl5,0
n2700dzt,0
moim5v4y,0
zn7xfnur,0
8usp6wq5,0
mk5e7enx,0
z7javhau,0
43mm8ujy,0
u4tdcdr6,0
fic1dk7x,0
nczrwdcb,0
7ythz1o9,0
gsmxc2mx,0
ka6dvxcz,0
2r0dbqvo,0
wj9ehf8v,0
6aixoyue,0
bc0ooo1k,0
pdb26wes,0
jm5zmlyb,0
oxibke7y,0
uhqik71a,0
6ab8rrbl,0
e89x5gz6,0
ux8irtpv,0
moqbhka2,0
k1uufaxn,0
kzmecs99,0
70t4hxqr,0
9ltgmo8e,0
0nxty7zr,0
kp07ml6c,0
olpvr24b,0
soqt2p7g,0
quldidt6,0
whi5zl8l,0
dl6ibkj5,0
3skpjnin,0
hb70uo70,0
mcj5fh0z,0
7sv496tp,0
d7uledlm,0
44awoiz2,0
c9d838uy,0
xkyu1h18,0
xiaw5fce,0
oh2klffo,0
8kajjlft,0
i7ccm2ga,0
rai2lyos,0
nbmt4k13,0
veft0796,0
x7ch0ock,0
chpcaqrw,0
63mab448,0
0rsgmery,0
nj90s7nz,0
4tffs0kw,0
fryjg381,0
ow7bxnog,0
2dj6vfhl,0
6f6uzv47,0
0b06omyd,0
fd7gzuzh,0
1a0ys4od,0
6d2hylvq,0
3965nt74,0
6wvubh8j,0
p0bke012,0
qy36jupq,0
91bxvik0,0
boufcydj,0
rl5e866x,0
w34z24kc,0
phe756z0,0
3q1wr9f9,0
wlohhsf0,0
oeyq35m1,0
20igiwrj,0
8ybrkc8u,0
ev891c34,0
h2f417ek,0
i9a4ho5y,0
uuz7m639,0
fxexh7ai,0
s5f3jtwf,0
mht2eepq,0
zmw5plxn,0
a4oxg39h,0
yzod4vky,0
zfau5bte,0
5t8w27p0,0
lu8k44ha,0
04gsogmd,0
zj1qjef6,0
0i7m4qd9,0
i2sly12h,0
zvf58bjs,0
utw4he6c,0
fzhzxtry,0
h39lxv4q,0
7awsjlon,0
6if89wim,0
lkiqqkcm,0
xtqmdjvi,0
oglcrjr5,0
b52c5ir2,0
1n1f72wx,0
j39fis4l,0
u2b5i2nw,0
s52otv8h,0
03ljpmpt,0
gy50u7d7,0
bve6qs1h,0
zmn9u68c,0
aeob6but,0
twhc4zio,0
9av7t0sz,0
hdeg6bok,0
y4j84p6a,0
pgnnidh3,0
rzwrqz4g,0
0254tfe9,0
9ohovylz,0
a7xosfyp,0
2xlcl2pf,0
9lo2u04w,0
uzd34ocs,0
mamqtlzz,0
rebx8nfk,0
775sb5lx,0
41z5ykcn,0
a3ve9n2h,0
15m2wju2,0
xzst3d3t,0
eji6yy9b,0
qfieqs1b,0
17daeug2,0
wiroc72b,0
7xyw891u,0
99n4rlx5,0
5aasy9w7,0
w9xuxtp2,0
u60kro9k,0
k4vx88ap,0
oq51rjh5,0
jwkzfejd,0
au2l5vzo,0
0d3oa2lq,0
j1el6s1c,0
0m064h7h,0
t76fius4,0
o46ec0lq,0
ioe48qwj,0
b2lq7l0d,0
f3g3ckg2,0
pgmhtyib,0
ae9a6yx5,0
e3m9t0vd,0
9gh7a242,0
s6az3fs2,0
ts2p2afr,0
sz5lsnck,0
85psola6,0
b73yo0k0,0
ojwaw31a,0
16ryfuvi,0
8qsgx6pg,0
pmhvu10u,0
lx7jequg,0
bglcmx4x,0
h4hp6bld,0
0po8yq00,0
p5eq9eyg,0
xyejic4i,0
ttxko77i,0
gbp2xvam,0
1q1cfh07,0
0g9u3uff,0
rhq2eq3a,0
adct8he0,0
6zkywxsb,0
clnsrayk,0
1d6j31cy,0
9zf5dvbi,0
hp4ljowi,0
kxxtjml1,0
u14sbs0v,0
gkfkddpr,0
119jw99p,0
o2p2fbt9,0
ryrl1qmc,0
67yknau6,0
7ieijixv,0
10aag5wo,0
i95bvtij,0
ka1sbidx,0
g2g0cak0,0
186iiwxp,0
csp4vxw6,0
tk9a0xg2,0
9ny201gb,0
jgjc3ofv,0
rz6qh5x4,0
k8ni3dd8,0
iut5ihl9,0
fjg90vqk,0
sv75dgu2,0
zf6urwp9,0
84dync1g,0
y5rn0ehh,0
auiayc7w,0
kny83gcv,0
f2rwgnbt,0
i568p9mi,0
r6a48xjc,0
3s415vpu,0
i48tkiw5,0
7kdj2gt8,0
105qwur1,0
14xfuqrr,0
0rlv9eep,0
tsxbk9un,0
fxjiyzr8,0
p4g8jyeu,0
bw6p8rud,0
806am4cr,0
4j7fjf6n,0
0h1i63hf,0
udawwaxc,0
o0uvkvfj,0
vpfzgk2s,0
pxph48tc,0
i3yt2gvz,0
yhhushdy,0
8qaecj9i,0
vdky5vfi,0
w2gyyffm,0
kel0fag2,0
3d8oio1u,0
1pkel0fu,0
zncznp7p,0
oytgqrdu,0
7vz1p4td,0
wjh3hqdy,0
33ffbhfi,0
r54hdxwm,0
3ta36r51,0
8vvygon5,0
hlgdgrzo,0
406f5ifd,0
zlne1nea,0
ny7jjb4j,0
0fyvhg8v,0
078vy75q,0
jndm7vlm,0
4g8kqijg,0
q05he3we,0
2jtmkv8e,0
bdrrhlpb,0
4p1ch4tg,0
qvnigi4f,0
q3lm8k9n,0
kinmoumr,0
i72zsbdl,0
4senfveu,0
ge9a32w0,0
3gp9ew2h,0
7gatorzx,0
lqlqxk9w,0
ksc51fqq,0
b0dmbx7y,0
059znxbv,0
ws3yjkks,0
cvrhc7rn,0
v5y4rsei,0
qnny549t,0
d86jcb2m,0
g0a3a7m0,0
a3aluw80,0
l49prxlw,0
xc2qg5e2,0
8rz9310o,0
4z1y6a4w,0
2ohgv3f3,0
8lcz9scy,0
ilviwhvh,0
riikt668,0
bpe69dhg,0
qev4wkmn,0
xi1ljo1h,0
l2rsb696,0
22dbpq61,0
770ejj22,0
5bc5tqjx,0
on1vwxei,0
hr8oxqyf,0
upldsb25,0
d8hyl339,0
gusir84y,0
tb3wbciv,0
bj215cu2,0
49406w1b,0
01bxzsep,0
ydpn02n3,0
9hsf0mnt,0
7c1btr2k,0
e3lwz4qc,0
qcjc0rex,0
lr4ab0vf,0
uozt9wiw,0
gi1bm0t1,0
pptz733b,0
lmqhi883,0
b268ta7e,0
a7st18e1,0
v3pvegh6,0
3us5qriq,0
f35zkldy,0
pmt9ucwf,0
d956qiwl,0
8kmi7112,0
2wlbx7h1,0
or5zc1ke,0
zdjjeaf6,0
t909ctiz,0
10zt09m7,0
efhi9532,0
sv1jwsar,0
a16mkyum,0
dafyqy6o,0
sfqfzy1p,0
3hdc6wpm,0
3oxc09f6,0
mp2gl65i,0
iekj6exk,0
p0wllz3f,0
ey93g19d,0
1tgrdxrb,0
na3ukufi,0
r531zaae,0
jk8f5i8y,0
0pckj42o,0
2t4fwmfq,0
gme14457,0
kibxz0va,0
d2k9r6k4,0
8h2e34gk,0
2hbkjo6v,0
tsc60sjs,0
54fcaeni,0
47mb4dlg,0
qn36e5pu,0
zm281b86,0
fcptb4oa,0
9bwzljvh,0
8kq00121,0
eclgn7q6,0
wqm66pqx,0
2pxsmdfn,0
98v7b6sk,0
vu4rv46u,0
pptrjzus,0
bo413bul,0
edbds9ln,0
tshobugb,0
hp4246e3,0
gm99icaq,0
c8r8lw5t,0
7sjap049,0
7u1vwpvx,0
rx93qjo8,0
ar2kzxby,0
9exru776,0
bfrzq7l4,0
ya5pj2sg,0
jocj2krd,0
c9lzq138,0
4j4nae4i,0
u0chjlgf,0
lsg6sfeq,0
0u3cy9ja,0
ygnx1xj3,0
8640tyxm,0
0ep8lovq,0
upbh7dcb,0
25hl15j1,0
yl94z7zb,0
j63xrg5f,0
agehbiqr,0
avtffos8,0
3hcpi2by,0
dwds55a8,0
ozzossf3,0
jzt0e31y,0
cqo2sm95,0
rgxhbs14,0
osgu7syc,0
4us1e7r9,0
hj9b7nj2,0
z39kyd9e,0
vttiohda,0
92g9xdas,0
dcpgyzx4,0
71o4xkya,0
4lyxb2ss,0
g3fvw5fk,0
lwb6mmlw,0
4dyvwl7g,0
e60s998i,0
o4j0tstz,0
upb31slk,0
af6k3uaj,0
vitmwlg9,0
ub0b4yw7,0
ny9m63uk,0
ee895py0,0
911ua8nu,0
qz4leakm,0
s81fbv22,0
uhonmunt,0
pcsyxb6j,0
r15nmhla,0
gp76hvo0,0
eebazy9h,0
g81w2epy,0
dxzpovgb,0
eqwo7o1q,0
iiryodbi,0
5frh894n,0
kaba5d56,0
290sno27,0
m5tzh6u4,0
7jia2a98,0
760axvtu,0
a7ca7phv,0
0hvrszdl,0
te0z3vtw,0
kmnrzl9m,0
7wmvcrmb,0
62c1iyyf,0
kb2qgb55,0
h65mnw15,0
urryb8tn,0
ach4hvvt,0
vpd5g65n,0
h742dak3,0
9pri4stn,0
8nwh3f3s,0
uhveyzax,0
hp43643f,0
mwslpflz,0
u3gdeyqe,0
vy9bqd8t,0
bff33ukp,0
xzz06nfj,0
qjpbqvff,0
5yv9ofnz,0
b9mi4vcn,0
6ca4u144,0
vzlrhfi8,0
r86gaw3c,0
0wwvt1jb,0
drc1ii4i,0
bknxosxb,0
18axbkgm,0
nf0pdhiq,0
6cmeo33t,0
1j3nl5t4,0
4byo7psp,0
zafrrq0o,0
mdim9tak,0
rf09mb9y,0
dq94o1s5,0
9giq6130,0
fgkftakc,0
5tln50wf,0
mam8lf0e,0
0ch84sfr,0
nwn7q4a7,0
icesoeeh,0
7wy84n96,0
2ph1d3zm,0
gjn4h7ej,0
68hy3zun,0
zek2870k,0
f1vps7ma,0
juxe71sy,0
5pfgtr3y,0
txfqmfn0,0
sidi03gx,0
955lpted,0
06vqdgmr,0
xcc9oeq9,0
01x7fgq4,0
oyonnjjg,0
rccl2fpw,0
81g3x3f6,0
tvf86wa5,0
3ee35m3s,0
lj9odhqw,0
56adz4jz,0
gr1os6zy,0
b169f2l4,0
k8b82zsc,0
j0pbkj1v,0
ssvdcb1i,0
4orz2eew,0
dkr2hyxe,0
dr4kng4k,0
o7hqrxue,0
c8l3flk5,0
54c6ojpi,0
splq1nlk,0
lat1jmc7,0
s62wjsej,0
fkwq8d1i,0
4o23wmjl,0
fwk6tq2k,0
tpqnsjl2,0
jximp350,0
pnzjc693,0
3kgxl8rm,0
e9lzxmjk,0
q4off88k,0
a1vgsadm,0
ch2zp68q,0
yfsbfj18,0
varwo6ie,0
2k7bzfeo,0
qfvwmaju,0
382o78yu,0
aam3pawj,0
2wstgz39,0
kcbcsdkb,0
tdc1n9f6,0
9hyqjrph,0
zhe4tvyb,0
1f39qmpn,0
hnj99sl4,0
x30cc0ja,0
ou8gjf7w,0
wnuk3dzs,0
h7ht8b1i,0
wxpak0c6,0
zg85rzle,0
jyu0bulm,0
0kao9zne,0
ypjp8jby,0
kbsyk7in,0
7lx99ug7,0
2mnwlkdj,0
cdengybb,0
8kzyz5h9,0
nnppypge,0
3ctiqkgl,0
d2rr9oxl,0
ma98n47d,0
kbxulpd9,0
rpj0y5qb,0
616jnytq,0
spa95zox,0
l6tyduaz,0
z40oholh,0
qno0a3em,0
nh5a4o80,0
6hm2467e,0
cz9xuxcp,0
2xcx5dpk,0
n2ycpth0,0
avu9t5sg,0
2twh72f3,0
cnubniw4,0
9tbjz92t,0
02mewllu,0
dlht6fl0,0
64teeoy6,0
ewbuzu96,0
htynba8i,0
x2h1ci42,0
t0sh4bar,0
taai74id,0
v3saefm6,0
781pwhqs,0
hqg9a36m,0
qwz4z84g,0
twpi7haz,0
j5zewkt0,0
ffb18061,0
yg5adwws,0
h6cjcbih,0
x58et7d9,0
fh0noo5i,0
6g2xv4te,0
gdjdkv62,0
6xvppzv0,0
6t95g6n1,0
ys2tq4xt,0
lrrs0uqq,0
x60qmox1,0
odhw9mv5,0
dcq4mh7e,0
jhh8i7s8,0
b2e07wuh,0
gmu1zdio,0
9berlzbb,0
8iniriwg,0
2qnywa6u,0
f7cknuqa,0
atw5kus9,0
wxrkskzb,0
45cxaeib,0
0kf1tfom,0
y3zbzu1y,0
faj127v8,0
mjxqhdhn,0
ppy7hb53,0
3ki0nkei,0
j4nu4fmh,0
r90ogs2p,0
k101yl5l,0
ybziihkp,0
awtrcd7m,0
gdbbs0vs,0
1ymhx4su,0
gizi6hdn,0
7k8dtpqe,0
k3wsfbf2,0
69rtu8ty,0
lsstzugk,0
0ljee7sg,0
0dwh31n6,0
b5dstpt5,0
1x8kc7l8,0
gck7hu35,0
dhb7xmjx,0
v5gj6jv9,0
vqyf1baw,0
feav0xu0,0
fnsixasq,0
h3yzqls5,0
2267uiiv,0
bea80f7p,0
kc75wj12,0
1rkt3gm2,0
snwtjxim,0
pap8l7o7,0
n1a6i7ma,0
1zaxtrd3,0
q6rpcgwc,0
sjmd4xx6,0
q955x6cw,0
6ueyzakl,0
2ejgy9ea,0
mc6d6koq,0
gpz8rc65,0
7oybxfs2,0
2d3zv3yj,0
876v3kag,0
y0p3wxkn,0
lh29ibkh,0
vi2b6v8x,0
wye4jx19,0
j8edd5qc,0
dmh9n1th,0
pomkv0dc,0
tb114djf,0
g6y8rcm2,0
xzwmazw7,0
exwu38d3,0
lsf60wi8,0
y89rogsm,0
nkdtppjo,0
xvrgsptz,0
nsag3c2e,0
5xxxfguz,0
4gmjsr1n,0
rwcfj0i0,0
6i1mewwg,0
ipeht2n1,0
7afiz017,0
qfinjcon,0
x1a6jtnr,0
a9jyf5nj,0
p9rtev1l,0
8puzo10v,0
rh11sdfr,0
fa144v2i,0
alanvqro,0
54vca27m,0
y7zxiwmb,0
6iwjsi3p,0
1o0wq6pb,0
rxtsx9pq,0
x0c4wmm5,0
ojlprbf3,0
zp7eked2,0
ee49kt2l,0
4xvf5xo0,0
ephurejd,0
7k8huqqv,0
8kicv2cv,0
blddbg2m,0
dnppy08j,0
l71le13q,0
qz2pctl8,0
s6i1uf4v,0
4lxiq27k,0
lss77bqz,0
2we76s0q,0
5jbx6tbm,0
4ao1603y,0
wtppa54a,0
cae1tcni,0
xudhpnr2,0
6kzr94x6,0
f6vwv787,0
wlc6wxnc,0
5y4atbum,0
rmwvytjr,0
bfco4iir,0
qvjqx77i,0
v6hncba5,0
sg77ev04,0
giggy7xg,0
kee8phm3,0
2kl1szow,0
vp1e07mr,0
vo2pdk9e,0
9px9k9td,0
0ow6ce2u,0
ofx7nepb,0
8dtbe7ra,0
ownvam4z,0
jlba9hdf,0
6ki6aij3,0
kzhjximg,0
5wc98h74,0
6yupetob,0
4lahcxbs,0
mgvra1m9,0
0wcjjf8o,0
03dyhk4i,0
5wt89ooc,0
1dangodi,0
nby0cwmm,0
8t8jtx0u,0
9qlvv37m,0
lq9ki102,0
r74rrjj3,0
v65sg6pd,0
2lgeb2ih,0
ljts32eh,0
btj8i68m,0
3j530yda,0
1k9er8ty,0
odna1cqz,0
vq54pjcy,0
rmzu1vfe,0
li0ponfo,0
pj2s7xc0,0
457wpgt4,0
diqlta84,0
ekofatne,0
scbzrdjo,0
z8qgfhbz,0
n05nv15r,0
2na3xe3w,0
1byw1e24,0
g4my1n9c,0
ae6emgyr,0
94emfg72,0
mmqgdf6g,0
etilegxf,0
cr7fctsc,0
qbni8o46,0
1hyzjzao,0
lt7kn9cx,0
rjhb2o9d,0
tivazm1t,0
wzfcrycu,0
fev90zv2,0
fd540ybl,0
464uf282,0
5jgiebfl,0
jepst2yz,0
rhuuulxl,0
g4jcuova,0
u3k87p0k,0
lje2rbxu,0
cwjwuero,0
0u289xyw,0
tkbw8q40,0
uzqqkd6d,0
20d1219f,0
jcfauk98,0
qtoqq8ik,0
glztqecp,0
m0pjmrrv,0
9493td4v,0
hi71sxe5,0
2i5dkqae,0
cvuk5ov4,0
az9r2iuc,0
ko9enad9,0
qq22ssns,0
xr53g4cc,0
p4ivg60e,0
5100z9j4,0
x67crr9f,0
xidojuv2,0
3ca92q35,0
l9r5kkyq,0
rrclia63,0
klo3inl1,0
wyhsnur7,0
7pv2y9ak,0
1mao1loy,0
newj43n2,0
t2dc7bvv,0
61hvgsft,0
1590z3sy,0
jpy4lm4g,0
lky46c5n,0
v485ftvq,0
zo4xba36,0
8cg9xg3s,0
378p8z42,0
m7txzb9g,0
121ncs8i,0
9w8ekjdg,0
wia16ttv,0
i3ezfctl,0
da6llsqb,0
lyavycgf,0
m4i8e58i,0
o6m8w739,0
i4rifq8e,0
fxc7a34m,0
93x213hr,0
mcflcvbz,0
ms73ia95,0
v46s2i3d,0
dohmc9st,0
qpehho9q,0
4i1vdjl5,0
ldf5hc68,0
1u3i540c,0
eteql7bf,0
3n2kts1e,0
l26ph1em,0
bz6nx4wv,0
87it3y6o,0
hm3a23li,0
tol44tff,0
sad6fd6u,0
54x5iy50,0
0jvpnyek,0
6ho9ncsx,0
ifjsf2cg,0
m5sva5og,0
cmj9ci1h,0
yj8uorm0,0
bakvndae,0
ysonhj34,0
jeed31ez,0
z8tyy161,0
ajbl91ej,0
u7txfqo4,0
e6tofcdu,0
753l2f27,0
3i20suer,0
sxw14huu,0
mijxovqu,0
xyk7ikd5,0
z5sezie7,0
iix77c5w,0
oapmg6uv,0
7fu2sb1v,0
0leteb7j,0
i40euyve,0
tb7tkswj,0
ss3zq6kc,0
rrcsvugb,0
3nwrtsu8,0
2h96sh13,0
wg4f5a35,0
2he9esl1,0
eru6a0ah,0
3miwpf3i,0
ny50rtmu,0
ulzup6tm,0
gpts8rnx,0
tav8zp76,0
44vjo7o9,0
3rgt1g7s,0
f38c0no2,0
aiq40xoo,0
1xzz2pxo,0
x7zcfn4u,0
w8b4dcvc,0
i88t7viq,0
1qpcnc9g,0
5dlddk8l,0
8vcwano6,0
5e8txzdt,0
6fnvnf3h,0
ayv2bx6i,0
8mcq373k,0
08y4j4qq,0
saga4ypo,0
vpw6xljc,0
4fhap84g,0
liqhgsmp,0
m5pc8azd,0
smqnf5kb,0
2jk4rznz,0
f79927ye,0
lvxei09t,0
hsjws5pe,0
tb5kq32g,0
fls9aq4h,0
7qq40fl5,0
smbs5bcb,0
y1idyg1n,0
37ji4s8q,0
efd7ag4o,0
lof72se5,0
d019e5du,0
16hmolzh,0
wipo0ynv,0
idz26k63,0
sf6t79kv,0
uty7g6t6,0
c0cgy1sl,0
zr69x8ae,0
6tp0jjpi,0
1icucxvn,0
11s6pydt,0
34x8lnoq,0
c14oql48,0
pfuplm8w,0
19ayoxqs,0
eid0hhfd,0
e5pumk0c,0
qyamob9a,0
ajba2e2i,0
dnddjm80,0
i4m94est,0
7f1yuhzd,0
lsbgkdh4,0
itzhxsnu,0
h7montkj,0
rz1lc9tr,0
7xqd1wmr,0
6vumj5xw,0
o3y2vo4f,0
qklfi92g,0
aqi2axoa,0
2up6h1yr,0
0znjg4wa,0
6jk6vx7u,0
1kehqedl,0
yo8ex4bc,0
yo2g2ya6,0
f4whfa2w,0
mgqnhrwx,0
qizxcgh1,0
7i1gl9c0,0
38jrhxqv,0
3wxmeeyc,0
etdkd8mt,0
yfdas5dy,0
rccv5oma,0
nmxfpyqo,0
kkzyi3wd,0
em26dzc3,0
7rsfazn8,0
4d0dzumh,0
4oo74wgf,0
uwvic2wz,0
wb7xwjqb,0
ecslz99j,0
dijiw6d0,0
qraf4ryd,0
juia6ue7,0
72ocaj3v,0
vn3qzcgx,0
cmapz6i9,0
4uzjxacn,0
0djih71z,0
f2st06iw,0
w0faerye,0
okn36cxx,0
ad94z52y,0
ee7lnc9t,0
uh3299bq,0
t8snhe6i,0
84tw0316,0
r4g0xy88,0
2rucdl3y,0
susb6ey8,0
qc8i9liv,0
jikt420i,0
cirexdxw,0
yppv04qt,0
84jzojpn,0
2akn9ddm,0
omplndob,0
o9ytdwdn,0
2w3rbipn,0
zu9978fn,0
ceenkune,0
s7e1igtv,0
oa6313jt,0
xykb5ex7,0
uljj5edx,0
mi55a2ug,0
qpqud7hk,0
rn41u4n3,0
pb3dd3o9,0
91odoao2,0
19vg226y,0
kb5kc5rm,0
yk5vfq6u,0
21x0xc7d,0
trv4bx76,0
w9l7xp6c,0
azc29jl2,0
eorfeknv,0
sm2o06a6,0
vd6d8yyk,0
55afzmpe,0
fiumfczl,0
5zze3i3l,0
hcnrchfg,0
cyvr9kge,0
6leeyum8,0
c2poaba5,0
xxxaeidr,0
8wugsb6d,0
eh08s4ex,0
uny0v9p0,0
cumtes7b,0
mq7luh8g,0
4ku0ivdc,0
8i4hokxp,0
lf7w3j1n,0
37kh65bc,0
tm92l3qt,0
i4oug3yv,0
37g793uj,0
7t54qi5c,0
u3l1xcvm,0
g1o18c9r,0
rbqxnqpz,0
6v53skxd,0
sqse62z8,0
f3besdcc,0
3jc0mpsj,0
6jx9sn09,0
qsnqkrni,0
qmz14gxm,0
ehqd5l3u,0
hdgcqw19,0
x493a4f9,0
1ody11mx,0
hkyrdwxm,0
mzeqt9a1,0
yh1df89w,0
eu10vsdd,0
eo4rs93o,0
2mubr5ra,0
yz2i65y1,0
qjg2g8f3,0
dui2jzeo,0
5lniroic,0
bpeflcw6,0
b0uyd9un,0
hq8y95xk,0
miulyj4s,0
3lylasfy,0
3lecgg2m,0
uiyegeiy,0
2yc762w2,0
98oid43n,0
t3qvrx2g,0
g9pes9lw,0
4yj7rkik,0
qnzn9kbm,0
nueh87ka,0
wwdcdqxl,0
p7xogj25,0
8hlkmfi1,0
29rg8ti9,0
nnl7uml1,0
41at4c94,0
vqumteun,0
182yr9x5,0
drbbokcm,0
vo4t2vbd,0
qiphrh2a,0
qedkd7in,0
fjei7duq,0
g2imnio4,0
qe727j22,0
ejgntlo0,0
gizhl3hq,0
k1e56r71,0
5ttbx7sl,0
rf1ee7ul,0
bwp119nc,0
e0i28lxc,0
3a8a29qo,0
ijqc4xya,0
1k3megh0,0
7hr8ye85,0
7fax6at2,0
pap6oa8a,0
w6kcdjtf,0
4f7c6qtm,0
dhg70os7,0
5y5wjckl,0
g4z4uk3n,0
5ziptbzo,0
klgk6i4r,0
ctnb7fo2,0
0mke2ddl,0
8n31mu4p,0
src5oz4o,0
toyxip5l,0
g6aiu064,0
mhxzeu1p,0
2vf5r88u,0
g4bdsdfd,0
qgvau4ai,0
k5k8eb36,0
gflh33iz,0
ypzvlvwk,0
vxgm6e40,0
bovwk1ct,0
y6m6jq5q,0
h9nvcy7a,0
b60m26h7,0
fzu84l5f,0
qpvtcof5,0
ka3d44o9,0
nqrdblmi,0
5zfdgug4,0
w9sz5xg2,0
2ek8s3jk,0
1zbirwjn,0
jtpilhcy,0
cyghy4kh,0
nwjw407t,0
jxhmtol8,0
kcmuc7pg,0
zjxrmxwo,0
4yj06qn2,0
aukrw2i1,0
ecl2uspo,0
xgc30yxj,0
rsb4ifup,0
0pu73ubs,0
4zcp4tch,0
vm69382r,0
15f2xk39,0
viaye0sr,0
zjrq73jp,0
8f3xs1of,0
scak57mx,0
ymwef9pv,0
tdctnmbn,0
2mdh6hmm,0
atfjj012,0
nqiq18nt,0
s33ach5x,0
9sxgrt9j,0
o1xkjhy4,0
v3rqyp4d,0
ix2l14l6,0
3lxklepl,0
umh4gjl5,0
6bgk2yco,0
vx4ocjbc,0
hwhc9ov5,0
npo4oalm,0
250a8h0d,0
4t31wonl,0
1j0orbvx,0
s0bjstvo,0
vyhln1ga,0
djaxqfuj,0
vriqu96z,0
52k65ya4,0
fu6xffhz,0
v1hrbq3b,0
whltdyw4,0
y92psadp,0
l79vokv8,0
dag7ealj,0
5i3pj5os,0
9pvx2o6l,0
dehsly10,0
jekt17ol,0
sfvs1yuq,0
8k209p8b,0
c00qihjv,0
95chgafd,0
65t2rcld,0
f6yx8vtn,0
ycu72w1f,0
ksm6i5ma,0
asczvkbv,0
z6zjvf3e,0
xoxz11uh,0
cjoqggwo,0
feo9wsg1,0
75pj3v5c,0
mayu855o,0
tfsowlpv,0
q8coqiif,0
4az846w6,0
z2fugzf9,0
tue8v6dr,0
ow88qh6r,0
aa30uej4,0
f6ydzusk,0
ttjnxhkj,0
34wx5a27,0
jr0jvu4z,0
8r0jaj1c,0
3fiug5rq,0
hikav1bw,0
cizx9c1k,0
vb05ccgh,0
3fczmaci,0
qdykb5x1,0
lv7zxydl,0
hvqg6qzv,0
drsen2dx,0
heo3vohs,0
aq0xjv0k,0
el49h8ax,0
yfd6w03e,0
aou56kw8,0
p57pblqe,0
q1ttfkiq,0
wfmjqarv,0
i5eocydj,0
etj4qk0u,0
x7z6dyv2,0
fbmnrbpf,0
6fagjz02,0
gspdmzpd,0
zxka3izk,0
liyjxbin,0
fh1c7pro,0
g7elstyk,0
jen7kzse,0
9q7hyr84,0
kea9cquw,0
5tfrn7co,0
mmbz4rz8,0
yuu3iy5z,0
al1bfswx,0
ap5dufmo,0
65f56sp4,0
4dmexn5v,0
ei7qy2jf,0
839cz1ws,0
u5c51gyn,0
0ggbyr1u,0
9wv9u5l4,0
snt6r8ws,0
6j7h6t1t,0
m7khqtmc,0
j0x2fsgc,0
ad64dfqf,0
ycxb28rw,0
74dqfpe3,0
q4zgln6v,0
r4lugmma,0
hqeegpvp,0
ervcnfjm,0
kbcbvprc,0
x4igveob,0
lbc9h8ur,0
karhnq8r,0
2jib0z22,0
7msvk6fk,0
0m0nedmm,0
b7hshq2c,0
glajtqe9,0
yj00vmj7,0
pxlmenjw,0
i5q6ubos,0
4wvlc9c5,0
zmvcwz42,0
hgn3mz5l,0
78hrm32m,0
4g7ws8r7,0
ku7idyf2,0
ypna74ui,0
mxkxmjgs,0
esau1lqy,0
krx2j810,0
zpisct8z,0
ortmh3m2,0
78dvmft3,0
r5g8dcuv,0
vqrdauik,0
c4pi8ohp,0
m4934non,0
em76mlov,0
ekyxeuw1,0
4i2y1ce3,0
ovewq38s,0
dwrl3d5n,0
xszta0ta,0
857859i5,0
m1uy608b,0
pn80n57r,0
8hpmw0s7,0
j0u23b5n,0
io8yrj09,0
4bxxcvxc,0
u94emoak,0
540daoex,0
9vdtvosy,0
wuijq7hd,0
bbyfw0xk,0
1of63g5t,0
bhc8gqbz,0
4ib35pkb,0
gwwczq9w,0
kj7knm8o,0
aedjt47j,0
frhtnysd,0
neq05w1m,0
exuw34of,0
dvjpbyg2,0
eu0yy6mi,0
3bt0i668,0
swxw93a9,0
x0sqw61m,0
utkhb5il,0
weaow8q1,0
0mr9m1lo,0
4sqhe4me,0
kyljv4li,0
fajcfr1z,0
nftwn9sn,0
4n19zbev,0
j9ldh1zy,0
0n01tie9,0
yh0b5q3q,0
xwtf7xcj,0
nisawxj2,0
yqm9mrjg,0
e7e1zyb9,0
aydfy4y6,0
l2sj6xla,0
ihe5xi9b,0
ypdck0gu,0
r2b25vpo,0
fw14ye6k,0
hd6aorcv,0
fgf87rwc,0
n3igd4uw,0
bn574yl7,0
4w8x3v0i,0
4yil8lyy,0
0y21hjit,0
qqsn61se,0
pc27y2sq,0
36pa8f6s,0
44h1gnn8,0
vqm6ua6q,0
t7w0b89p,0
gofnedbk,0
knu6yo6k,0
crqabfcp,0
9ryo8l7b,0
pff961mr,0
8t9jlong,0
8u4ix7vh,0
nq0h19gf,0
hyzvyrmk,0
nbr29xam,0
zff9d4qu,0
a8eapth1,0
x7zj39po,0
jsqg6nh8,0
ker4ohg7,0
2phabkhr,0
kf2omkrr,0
959jcyk3,0
r800wtvz,0
u903apgm,0
p0gg18rx,0
o200ctea,0
9hz7fo1z,0
x7k8m1lz,0
wbtq5u27,0
35dkyano,0
ryabx8dn,0
nstavndi,0
6l4igrra,0
5v6d68c5,0
jr0i3qdz,0
2nl122cx,0
blnyzuai,0
7qc6wl3v,0
pwulpc32,0
887aeb8w,0
pa98lfeg,0
krhogqkj,0
0u4cq2n6,0
at9fwayh,0
9ti3n8vy,0
cizkjcbb,0
2turcds7,0
y7bmww1l,0
sa7ba8kp,0
rbb6pcho,0
kf1nwr75,0
j47mfhp9,0
h0pgytws,0
czcnuy3f,0
2i5jrdta,0
kpz0ljdz,0
h2xoa5dx,0
fpit2wzu,0
o364vf3j,0
ps5kbupo,0
n74galqn,0
jhl5yl0g,0
l7ui72zj,0
2v38rv6r,0
17n7sz80,0
0ox463cr,0
j083bap4,0
xxgximjt,0
jartv2h5,0
rb53w17j,0
27e4u5r3,0
77ojyh8k,0
2pr5n6s9,0
izlnlx5i,0
79fwmy3e,0
s1ljvi08,0
v4u3idkh,0
cml8vdnt,0
tf60ixk8,0
g7rjbssc,0
m3goj2l0,0
8aoqn4g8,0
dtcgk3oo,0
fn2s3tz4,0
9tfyynuw,0
m2g8zuz6,0
j1t3g0qq,0
vbxgxyg6,0
kjdyhqn8,0
n7j17p3c,0
xicno355,0
lt1z3u31,0
77r5dddp,0
0twgvytc,0
q721obxy,0
4rhq8lqg,0
gi38sooj,0
gduqovnw,0
mcc8qcx0,0
tbit00qq,0
vk9v2a83,0
t3rg34h1,0
tllou1e6,0
szfgbxyp,0
s7dg19p9,0
764yp52d,0
p4z3v08y,0
9impm402,0
1nckiexq,0
ybl8og0p,0
yyuzbv8r,0
p3xpe5qq,0
rpvdir44,0
epues761,0
d0yjr7zx,0
9sgmqp1q,0
fdirlliw,0
64b5cx8g,0
tt0cia0j,0
3xcxv2iw,0
woxe39eg,0
btplx3t0,0
c5ku2dtf,0
pzgia0nx,0
03rwzqp2,0
qitfcdxc,0
ymruj3mz,0
2ebdx56n,0
6u7lbxfb,0
eqkosr0v,0
yf25vivv,0
4r1ek99p,0
vjsmtv0f,0
oiu4hfy0,0
oorj9yza,0
6lu4d66s,0
j288xor6,0
iaj6jmpu,0
yubxq7vd,0
7hb67rpl,0
egaw8zll,0
p4vy4zxn,0
sw35qga8,0
dqh3ojsx,0
vrzo10ft,0
rewizhdz,0
4bs185sn,0
i5rlrzuu,0
rbpugesv,0
15aoqzyv,0
gfpn6fad,0
gg6rov8f,0
gg2igszw,0
psp9uhs0,0
6vm3mrbc,0
rvc6o9z6,0
ziyv72d1,0
cwxq86ux,0
svz546qs,0
mewxi3ao,0
7z2zl4rv,0
au2kna8z,0
ehw859kf,0
43m6xqut,0
fefkqej2,0
c73md7my,0
6aiii9lu,0
97onzzpu,0
262l90c3,0
iu0mkf1c,0
cyzl486v,0
gcz7nzhp,0
v5hicct6,0
8xu96064,0
i6fv36sq,0
8w1mu2d6,0
lii58lfl,0
ulir2nch,0
96s9oax0,0
8tbgf4u2,0
wcytmspz,0
t9a8k4ab,0
7kypam3j,0
v7r1n5fw,0
ws6f29bq,0
tfxoi3bk,0
zdyvukqz,0
hroqqqmo,0
ygkfdgpg,0
0sesubu9,0
promcq1y,0
vcerz52j,0
qqvync6p,0
it6ajg1m,0
1a0fjm8c,0
5oeetoga,0
51hcvey3,0
02dzlf18,0
lq1q06xm,0
mhdqp37q,0
m0mkw696,0
ra2c7uee,0
df3eadu6,0
atbq0s0v,0
i7czfvws,0
dyg47pso,0
a9i0vlnm,0
a64bqzl6,0
v5ded134,0
ohpabr9k,0
u8k8q97e,0
n0o2ddvn,0
k45pxfme,0
ld9mh0iq,0
v3wpbpml,0
vbg0rmej,0
0z8yyw08,0
x2ooblta,0
3ycu8hwq,0
v75bzm2o,0
kqxy558s,0
b9g4nk4f,0
819hytsg,0
iokyfh9q,0
exf45s1m,0
4v5g4wg7,0
zsc1aysr,0
hzx2be15,0
uiffn8cz,0
7meq5yjp,0
m8p00vml,0
njz6s5xz,0
jioo5y68,0
r8l3efz6,0
vk7kkstl,0
d5z6pd92,0
y2l5ivrs,0
fvmntbpb,0
ie7twnr9,0
w8w3fejw,0
evr6dvuk,0
qt786pkq,0
2im4za1f,0
ofuzl2ek,0
m0x2w52p,0
vf6nih22,0
mw88e0mk,0
4s1za0jx,0
852ipf2e,0
613jdn1s,0
fpi4u4rm,0
xb2qxhhr,0
5iz12efi,0
c4gg69il,0
tkzpvj6r,0
9m8kxpg3,0
f51bpp81,0
h6bw84om,0
ah23bp3b,0
nqmjajeq,0
8o3rs7si,0
40hzcubj,0
5dux64qe,0
zr1iejbr,0
dp3f4top,0
f86gt9we,0
ev2v81y4,0
y1myh394,0
prkp90j8,0
ilkoaf5r,0
sfsccvqg,0
h9pgekqd,0
41g9hkgw,0
trakbjsc,0
ban2ux8p,0
xwr5o0en,0
20aj99eh,0
e0gcof7u,0
cp943o3w,0
sxebpx8m,0
x4j0kgxr,0
9gxan1zj,0
hd2fcx23,0
cwv678ls,0
kt3oyw12,0
ew9huon6,0
k5pnrif4,0
w3uywjen,0
vpix1xrq,0
kswswpcc,0
gmqvekhq,0
fkcbmo1d,0
6jaqlm69,0
rqcy3k8x,0
51r9zegz,0
0nhhw71g,0
78plc2db,0
76agwx6t,0
d6rqtoyo,0
5ohks7fc,0
o2r0r853,0
1u92zcd8,0
bt5qe8hg,0
6kfc7tpm,0
dwa2opn2,0
8y96gpe5,0
e9t58ity,0
q71y9d5l,0
mzump54l,0
4mn0ad1p,0
42x3e5lz,0
ybstr0v0,0
e6kp71wu,0
1amprgco,0
aenk2z7k,0
10gh4eif,0
t1dg76m4,0
okca9ni0,0
gip8njff,0
8f8u0qci,0
5rna8zui,0
upswb1db,0
fnzzfstm,0
hvu3x4tb,0
odvjvdax,0
y6zb6bfu,0
7yncm3ln,0
f4o9t4kb,0
wir2j0vb,0
bp4vi5mp,0
v10n0jvd,0
584bh845,0
z6kwi6xl,0
25ktyn29,0
552ocx6q,0
dlsvwzu2,0
70rz47tt,0
lya0eb20,0
45wcswf7,0
iigsldpl,0
44wtc4ym,0
yllj7ps4,0
kxl9ipyl,0
78al6kas,0
yu9rli51,0
f3vgs3eh,0
o3oje9cv,0
c30nfxzf,0
fdvnlogn,0
k74a3uj9,0
jo4ri2ym,0
vv27fzxk,0
zswjsb49,0
frdkgw6l,0
2z3cviji,0
ms3d9p3g,0
1qvuvx1h,0
ze9mbfh8,0
5ujg2ydo,0
28p0c3ng,0
vkpantdm,0
uh6i8otj,0
ksa1doxu,0
5gy6f17t,0
ie68ziif,0
exwqq0wu,0
u9wnizxd,0
hws6a44p,0
8vmhoh3q,0
0zg9cvs2,0
xvbfy0u2,0
2x8ykk9i,0
jvmqzvlb,0
ou10hfak,0
xrbtxadj,0
pidh7e4o,0
cmjhoupk,0
4eggv1pu,0
fdi14w51,0
7neq6m05,0
j96l1aie,0
qps2mh61,0
8g2bhmh7,0
im09jqgj,0
zszf1rd7,0
dxb90xi5,0
2szadmk8,0
qs0r1cl4,0
bnr6aw1z,0
xcoi88aj,0
j5g5nqsb,0
39rrq7dj,0
dcx6g3a5,0
gd0p74rk,0
yfdgyzkb,0
tv3mausa,0
l99gmvnb,0
wex1w5qg,0
n1dvbr9l,0
jb4g55oo,0
79mitwbu,0
l77mz4fd,0
95a3f607,0
tcmi6pwb,0
pozjujxx,0
0yde8mlt,0
ykqsd6fd,0
lt3z3atc,0
le4c14h3,0
8yasxmdq,0
ta39rcv1,0
0gxyubvv,0
0gp998vd,0
szf3w52f,0
rqcax72c,0
p896l6ej,0
6cw21jnx,0
e3pkt0ww,0
viu3akih,0
esdkoy88,0
yu2erz1w,0
amml47b3,0
eqe4h80k,0
kozqxp0y,0
5gcdg4yd,0
7vb4jg5l,0
f6f8okag,0
8oqs0fmo,0
r5lvsrk6,0
